,0
2015-11-20,-0.006732422423922496
2015-11-23,-0.015058750932354953
2015-11-24,-0.0034381923854138186
2015-11-25,0.0018953846654085893
2015-11-27,0.003875863733378976
2015-11-30,-0.012120367289093575
2015-12-01,0.0010033740136518032
2015-12-02,-0.008209395497829813
2015-12-03,-0.0070223742020414925
2015-12-04,0.01414628627708242
2015-12-07,0.005416809537538675
2015-12-08,-0.010173761455438773
2015-12-09,-0.010239855215554233
2015-12-10,0.004687147318994694
2015-12-11,-0.016665377798661285
2015-12-14,0.014489097427335729
2015-12-15,0.00604678593068983
2015-12-16,0.006185574972750879
2015-12-17,-0.008093237190265945
2015-12-18,-0.0070013839187669236
2015-12-21,0.0006505460893157511
2015-12-22,0.012073973026357987
2015-12-23,0.001815554995797275
2015-12-24,0.002259603454416975
2015-12-28,-0.0012243483163281166
2015-12-29,0.007771668315158381
2015-12-30,-0.003445250476908246
2015-12-31,-6.421246480453613e-05
2016-01-04,-0.028576769103640987
2016-01-05,-0.0017583572417942672
2016-01-06,0.0017899628809140145
2016-01-07,-0.016903922900366714
2016-01-08,-0.005115168568210565
2016-01-11,0.015258969883946538
2016-01-12,0.008152210661091841
2016-01-13,-0.03477105245109205
2016-01-14,-0.009621845742256635
2016-01-15,-0.023403601946517777
2016-01-19,-0.021351197540623035
2016-01-20,-0.009103432776616183
2016-01-21,0.014640089273227491
2016-01-22,0.00968734368589555
2016-01-25,-0.0026406131569373936
2016-01-26,0.003922501153432928
2016-01-27,-0.020195848357208918
2016-01-28,-0.013007783813968832
2016-01-29,0.0022943965888118645
2016-02-01,0.009532858787106191
2016-02-02,-0.01301138797783627
2016-02-03,0.009426186063694747
2016-02-04,0.017756071721608258
2016-02-05,-0.012128530927788483
2016-02-08,-0.002493396147532828
2016-02-09,0.009819949381219967
2016-02-10,0.005426285653427038
2016-02-11,-0.013037595900275978
2016-02-12,0.03464427731894093
2016-02-16,0.02402511236772381
2016-02-17,-0.007038186023831938
2016-02-18,-0.007139882151447868
2016-02-19,-0.002730359467569443
2016-02-22,0.020446232640584316
2016-02-23,-0.01768135499380913
2016-02-24,0.00964127603275336
2016-02-25,0.01721137962685565
2016-02-26,-0.010588104631493012
2016-02-29,-0.002427513177809093
2016-03-01,0.018835291545840793
2016-03-02,0.026772027309564322
2016-03-03,0.005004249828244212
2016-03-04,-0.0022861827982037786
2016-03-07,0.01859507899500623
2016-03-08,-0.01979193905144469
2016-03-09,0.005129381436872915
2016-03-10,-0.012530638901084468
2016-03-11,-8.816181548562674e-05
2016-03-14,0.01561787494646416
2016-03-15,0.007532533206046577
2016-03-16,0.0009233907377611816
2016-03-17,0.0027370483037782722
2016-03-18,0.005083918860732117
2016-03-21,0.039075730357276184
2016-03-22,-0.004567952193062247
2016-03-23,-0.02016926854771431
2016-03-24,0.012512131966258055
2016-03-28,0.012777878348181226
2016-03-29,0.007784753723260623
2016-03-30,0.024623835905799446
2016-03-31,0.0022873257340938757
2016-04-01,-0.0103442501600359
2016-04-04,0.0013516499043455255
2016-04-05,-0.0007744984723500603
2016-04-06,0.020600256720867238
2016-04-07,-0.012063280250627972
2016-04-08,0.006944981489849539
2016-04-11,-0.0003789000333907777
2016-04-12,0.014122100605490517
2016-04-13,-0.005710702881742524
2016-04-14,-0.002947275273266603
2016-04-15,-0.0059720768325266516
2016-04-18,0.009866889805756007
2016-04-19,-0.005399657739481367
2016-04-20,-0.010051742041252254
2016-04-21,-0.008534402611124065
2016-04-22,0.00452992735818325
2016-04-25,0.007230431046678115
2016-04-26,0.010655588244834119
2016-04-27,0.008460732451196745
2016-04-28,-0.003477899201947965
2016-04-29,-0.037166174432099686
2016-05-02,-0.010749752997024825
2016-05-03,-0.01805098816389128
2016-05-04,-0.007950752747527767
2016-05-05,-0.007866116520886285
2016-05-06,-0.05385534182363877
2016-05-09,-0.002143972779331371
2016-05-10,0.007052376180054526
2016-05-11,-0.02615793260424018
2016-05-12,-0.013681644261125503
2016-05-13,-0.007944253449120031
2016-05-16,0.0040254826706294655
2016-05-17,-0.006856778238901184
2016-05-18,-0.0006153606984980187
2016-05-19,0.027013237438730492
2016-05-20,-0.0010195695142257155
2016-05-23,0.0016283799469523907
2016-05-24,0.03150362801068113
2016-05-25,-0.0009721226755098344
2016-05-26,-0.008096606003574147
2016-05-27,-0.0005829441427936122
2016-05-31,0.0013892068190066442
2016-06-01,-0.001016046384244934
2016-06-02,0.003690843118600018
2016-06-03,-0.006677567528425965
2016-06-06,0.00613985202841702
2016-06-07,0.003064218232006144
2016-06-08,0.0021024933011918323
2016-06-09,-0.010213727395859684
2016-06-10,-0.01009671951419469
2016-06-13,-0.011657382004095607
2016-06-14,-0.0003555100257345012
2016-06-15,0.0041797851245591044
2016-06-16,0.002541821190813559
2016-06-17,-0.002134802408820219
2016-06-20,0.008552692007909535
2016-06-21,0.003070088953730371
2016-06-22,-0.013896173846445231
2016-06-23,0.01697160962120231
2016-06-24,-0.025591172107231136
2016-06-27,-0.01430345127544222
2016-06-28,0.02334330089762493
2016-06-29,0.018375881364670915
2016-06-30,0.0019505720441375107
2016-07-01,0.011159211175999523
2016-07-05,-0.010416596955489937
2016-07-06,0.0078027298384272525
2016-07-07,0.0007836173563495752
2016-07-08,0.014141380742073495
2016-07-11,-0.0006160834486969857
2016-07-12,0.0034000027109794273
2016-07-13,-0.0031374790422764587
2016-07-14,0.0034144030961339167
2016-07-15,-0.0031892063472367393
2016-07-18,0.0037604357991916637
2016-07-19,-0.0033230990405913874
2016-07-20,0.010047726543210372
2016-07-21,-0.0039554980315543165
2016-07-22,0.006329266691837754
2016-07-25,0.008951083335929394
2016-07-26,-0.014284017622338108
2016-07-27,-0.0019213116028293786
2016-07-28,-0.0023615487775888733
2016-07-29,-0.009052171876720305
2016-08-01,0.008660501213725774
2016-08-02,-0.009675613358738733
2016-08-03,0.012616696927452903
2016-08-04,0.0202689344505734
2016-08-05,0.0020225813652869074
2016-08-08,-0.0006495814169162895
2016-08-09,0.001867577811028115
2016-08-10,-0.004525399431223459
2016-08-11,0.0107116222957645
2016-08-12,0.004732336829994965
2016-08-15,-0.00595574930423759
2016-08-16,0.0006716188811435875
2016-08-17,0.0005356500119612917
2016-08-18,0.01259789927457397
2016-08-19,-0.0024967473476392443
2016-08-22,-0.0018740283700918459
2016-08-23,0.010356994698847904
2016-08-24,-0.006257369736996504
2016-08-25,-0.0024231024356134723
2016-08-26,-0.007600878015387336
2016-08-29,-0.0043335615264601945
2016-08-30,0.0007299681717814477
2016-08-31,0.004051432920460563
2016-09-01,-0.0014185178170629809
2016-09-02,-0.0016312391936542936
2016-09-06,0.0001733959949777042
2016-09-07,-6.014613701565974e-05
2016-09-08,-0.0027133768048344387
2016-09-09,-0.02212980473308443
2016-09-12,0.011862525732763585
2016-09-13,-0.010271559481102976
2016-09-14,-8.617485315789986e-05
2016-09-15,0.00973646645635845
2016-09-16,0.0007627706876539297
2016-09-19,0.0024928496721845494
2016-09-20,0.013665649969597099
2016-09-21,0.008688058241311275
2016-09-22,-0.004872799912300718
2016-09-23,0.0019787462810868794
2016-09-26,-0.011590901109640811
2016-09-27,0.005895818592874913
2016-09-28,-0.0034157213888731386
2016-09-29,-0.013600392820474427
2016-09-30,0.012045196881848685
2016-10-03,-0.004022521190337636
2016-10-04,-0.005801894028712534
2016-10-05,0.0035535042298214248
2016-10-06,-0.016168097184908747
2016-10-07,-0.007162083232271299
2016-10-10,-0.001432733668895514
2016-10-11,-0.014823510849491878
2016-10-12,-0.00031122558665433453
2016-10-13,0.0001700301967399176
2016-10-14,-0.0015415629692411559
2016-10-17,-0.006388899400612352
2016-10-18,0.014641330782052375
2016-10-19,-0.0012325833492044802
2016-10-20,-0.0012116798896540937
2016-10-21,0.0008598394965843026
2016-10-24,0.006310388717204102
2016-10-25,-0.006082726745521766
2016-10-26,0.009034728854722618
2016-10-27,-0.0002034211633658578
2016-10-28,-0.006959228091618974
2016-10-31,0.0007469666017508869
2016-11-01,-0.006112896213893382
2016-11-02,0.011450559815245315
2016-11-03,0.0038752120762367004
2016-11-04,0.0033522654885607406
2016-11-07,0.015167215346058138
2016-11-08,0.007703367315376075
2016-11-09,0.014257746790939912
2016-11-10,-0.006925962619660608
2016-11-11,0.0018445122205048847
2016-11-14,0.00548400409992042
2016-11-15,-0.003884502925934813
2016-11-16,-0.0018605189909857434
2016-11-17,-0.00384123906270159
2016-11-18,-0.0054298420844506035
2016-11-21,0.0068037568693520845
2016-11-22,0.005726513533901245
2016-11-23,0.007039731272987321
2016-11-25,0.009566138230847177
2016-11-28,-0.008662319441268301
2016-11-29,0.0016172104504708629
2016-11-30,0.001657353059842992
2016-12-01,-0.0054090116243318
2016-12-02,0.006013939839171756
2016-12-05,-0.0003914243603548584
2016-12-06,0.0031641922539689116
2016-12-07,0.02239771701089105
2016-12-08,-0.005959530693486481
2016-12-09,0.0018424122165649759
2016-12-12,0.008707874118742243
2016-12-13,0.00914878548660325
2016-12-14,-0.008993485577730637
2016-12-15,0.0040261721856317545
2016-12-16,-0.0038601768795445135
2016-12-19,0.005303400574917322
2016-12-20,0.0029053276149694773
2016-12-21,-0.007070066740740427
2016-12-22,-0.01332769368510242
2016-12-23,0.000626494072197975
2016-12-27,-1.811532547926764e-05
2016-12-28,-0.007548896048669346
2016-12-29,-0.006799140300168455
2016-12-30,-0.0048677328892847704
2017-01-03,0.011499680976539778
2017-01-04,0.01697068548501829
2017-01-05,0.004900862697932495
2017-01-06,0.0029123207083123215
2017-01-09,0.0024423860624695204
2017-01-10,-0.008824062866482046
2017-01-11,-0.002630655940286941
2017-01-12,-0.006708090219110258
2017-01-13,-0.003184012837937261
2017-01-17,-0.0005536585804044869
2017-01-18,0.0007317728942878299
2017-01-19,-0.003703137795345063
2017-01-20,0.0006422645509548408
2017-01-23,-0.008887391506471803
2017-01-24,0.005585520637383934
2017-01-25,0.005017578783566706
2017-01-26,-0.006378469328572112
2017-01-27,0.0006937221413210459
2017-01-30,0.00015025103745075485
2017-01-31,-0.00944412806667344
2017-02-01,-0.01373901746216702
2017-02-02,-0.0007760200488616809
2017-02-03,0.0025696067224192376
2017-02-06,-0.0001827157866002016
2017-02-07,0.0035283332796586797
2017-02-08,-0.015771488171052783
2017-02-09,0.005242098228221859
2017-02-10,-0.0008713894348406637
2017-02-13,0.004760431067421911
2017-02-14,0.0011116122669982686
2017-02-15,0.00815629426864417
2017-02-16,-0.008983444441740068
2017-02-17,0.009872435496745574
2017-02-21,0.010173760921301594
2017-02-22,0.0013824409209091393
2017-02-23,0.03438548945654593
2017-02-24,0.012515135501719787
2017-02-27,0.008223444685454023
2017-02-28,-0.013671001874164784
2017-03-01,-0.0015400220968774525
2017-03-02,-0.00318021831306306
2017-03-03,-0.003353422525190025
2017-03-06,-0.0027694486007985575
2017-03-07,-0.006524306530093643
2017-03-08,0.003469729286991796
2017-03-09,-0.0005167793745997074
2017-03-10,-0.00025613712930219745
2017-03-13,0.0012109655621161675
2017-03-14,-0.002357184385702371
2017-03-15,0.006900268808731458
2017-03-16,0.0037337275183982888
2017-03-17,0.0017732257352314207
2017-03-20,-0.0039047358067646754
2017-03-21,-0.015824606005414438
2017-03-22,9.317879292963793e-05
2017-03-23,-0.0016359806511344055
2017-03-24,-0.0025413671659703374
2017-03-27,0.009445739635675826
2017-03-28,0.003961502803165512
2017-03-29,0.00156752018100631
2017-03-30,0.006944755283826709
2017-03-31,0.004077662144430533
2017-04-03,-0.009599171551406327
2017-04-04,0.000866598596207302
2017-04-05,-0.0071501733946498225
2017-04-06,0.0028373840745364587
2017-04-07,-0.002975250436068805
2017-04-10,0.007846710836028059
2017-04-11,-0.00284345786154247
2017-04-12,0.0028126688846870085
2017-04-13,-0.0065589799447983155
2017-04-17,0.006963394450684612
2017-04-18,-0.00433737747132662
2017-04-19,0.005545247987282065
2017-04-20,0.013267277944970735
2017-04-21,-0.004211974062780094
2017-04-24,0.008661788425605582
2017-04-25,0.010279209969588032
2017-04-26,0.004047435907403335
2017-04-27,0.006237335403136035
2017-04-28,-0.003980946790608064
2017-05-01,0.0014925401426769958
2017-05-02,0.006303978547282707
2017-05-03,-0.010274097061956089
2017-05-04,0.02660677610277673
2017-05-05,-0.0011243323203989075
2017-05-08,-0.00598849403623633
2017-05-09,0.004177530973078436
2017-05-10,-0.004032178781725515
2017-05-11,-0.007909678116837043
2017-05-12,0.00082990512251227
2017-05-15,0.006400428702109717
2017-05-16,-0.005503357159092559
2017-05-17,-0.01805611828484041
2017-05-18,0.01005517406387546
2017-05-19,0.0066686316217669794
2017-05-22,0.013736761019962546
2017-05-23,0.010336536762531434
2017-05-24,0.0019308684493274941
2017-05-25,0.009072314827716588
2017-05-26,-0.0009721691038557523
2017-05-30,0.006835176973039925
2017-05-31,0.003772520171349797
2017-06-01,0.009405186402371285
2017-06-02,0.00212284096298071
2017-06-05,0.005012904201776969
2017-06-06,0.0010120674656600992
2017-06-07,-0.0022655742145162305
2017-06-08,0.0037350233430859248
2017-06-09,-0.013186236514963534
2017-06-12,0.012903050454099008
2017-06-13,0.000630665638172434
2017-06-14,-0.000572655465163413
2017-06-15,0.0037372484419911645
2017-06-16,-0.018021598797269528
2017-06-19,0.01101729992153394
2017-06-20,-0.003354655057969863
2017-06-21,0.011888260707887816
2017-06-22,0.009643043083812308
2017-06-23,-0.0004912673550506452
2017-06-26,0.0039524547243112995
2017-06-27,-0.009772224322902118
2017-06-28,0.017579130366618456
2017-06-29,-0.01552040864538895
2017-06-30,0.001380250680967754
2017-07-03,-0.008007991091679378
2017-07-05,0.010413625522161185
2017-07-06,-0.012948101290595093
2017-07-07,0.005255461758343377
2017-07-10,-0.003455528809046482
2017-07-11,0.016382402655714334
2017-07-12,0.011923963283679395
2017-07-13,0.0056869166931838855
2017-07-14,0.01044095285400437
2017-07-17,-2.1460570197862072e-05
2017-07-18,0.004712840832071019
2017-07-19,0.002939931411391289
2017-07-20,0.0022781192349440593
2017-07-21,0.006165017329379852
2017-07-24,0.0024577242745975614
2017-07-25,0.00680895512330415
2017-07-26,0.0045867866364553145
2017-07-27,-0.017359949416255877
2017-07-28,0.010400172651658046
2017-07-31,0.003925205254427133
2017-08-01,0.004404888147985286
2017-08-02,-0.00023473836034615392
2017-08-03,-0.014921800864790585
2017-08-04,-0.004184139001865789
2017-08-07,0.00767882743727924
2017-08-08,0.0037518073339705693
2017-08-09,-0.0007587162109300716
2017-08-10,-0.019466759331967953
2017-08-11,0.0010586652112193895
2017-08-14,0.011223699322572556
2017-08-15,-0.001311876727499689
2017-08-16,0.004317251536246458
2017-08-17,-0.01590415844495105
2017-08-18,0.0018660269448022015
2017-08-21,0.0003151550732006514
2017-08-22,0.014205878565377028
2017-08-23,0.00026669882462998507
2017-08-24,-0.0027899948603143654
2017-08-25,-0.006268755547785693
2017-08-28,0.0012009930607229657
2017-08-29,0.009606839190550387
2017-08-30,0.024753808736163924
2017-08-31,0.008206901217716056
2017-09-01,-0.000577758866589756
2017-09-05,-0.0015603467032060392
2017-09-06,0.0045330916386380204
2017-09-07,0.012008157514089068
2017-09-08,-0.0019366712120415241
2017-09-11,0.011229136123444505
2017-09-12,0.0009694813049235529
2017-09-13,0.00015455341534534317
2017-09-14,0.0064255479412747285
2017-09-15,0.0022943946933026704
2017-09-18,0.001679070902723595
2017-09-19,-0.0043436215315915405
2017-09-20,0.003518947331053901
2017-09-21,-0.003406294070691429
2017-09-22,0.004422135383347153
2017-09-25,-0.010309567690332005
2017-09-26,0.0041440511536248725
2017-09-27,0.0035180521700606815
2017-09-28,-0.00403929032759992
2017-09-29,0.001586232723623071
2017-10-02,0.015196169292809592
2017-10-03,0.003909182552104873
2017-10-04,-0.002453472947651303
2017-10-05,0.007695113078615423
2017-10-06,-0.006449604268241066
2017-10-09,0.0057060802446424475
2017-10-10,0.018490037472091103
2017-10-11,0.010460600800367176
2017-10-12,0.004928336470350486
2017-10-13,-0.001419780560008188
2017-10-16,-0.003215571484978308
2017-10-17,-0.0037762419300764183
2017-10-18,-0.0003203848360948114
2017-10-19,0.005071034762531429
2017-10-20,0.005514333233849644
2017-10-23,0.0003217074982611312
2017-10-24,-0.0006826225149542953
2017-10-25,-0.00018433588615560104
2017-10-26,0.004945075464967669
2017-10-27,0.007094183790917863
2017-10-30,-0.00856353155150441
2017-10-31,0.006530867481853303
2017-11-01,-0.0036185563999301673
2017-11-02,-0.004960601760780836
2017-11-03,0.003959222841625282
2017-11-06,-0.007776591299462371
2017-11-07,0.0008131730556741601
2017-11-08,0.0011671337982389896
2017-11-09,0.007068148779558414
2017-11-10,0.014027079846852253
2017-11-13,0.005472614997475617
2017-11-14,-0.00867125808803923
2017-11-15,0.002062414132221968
2017-11-16,0.038752736749697425
2017-11-17,0.006640828354669642
2017-11-20,0.005359753988384397
2017-11-21,0.016204916576437967
2017-11-22,0.004356097963150868
2017-11-24,-0.001819651792105359
2017-11-27,-0.03964323706917003
2017-11-28,0.014234764212927187
2017-11-29,-0.005977804633513273
2017-11-30,0.008557494739805244
2017-12-01,-0.006540238460949671
2017-12-04,-0.01008388533365398
2017-12-05,0.000977778208851754
2017-12-06,-0.005659023266228608
2017-12-07,0.007258915098183799
2017-12-08,7.650484709789684e-05
2017-12-11,0.004796334929949186
2017-12-12,-0.001104408869846446
2017-12-13,-0.007549932246919827
2017-12-14,-0.006553073340482413
2017-12-15,0.0067020482465980635
2017-12-18,0.007155197324864915
2017-12-19,-0.0053941283420739505
2017-12-20,-0.011209283666272607
2017-12-21,-0.0030905564324969215
2017-12-22,-0.005640254364394998
2017-12-26,0.0009428664787079766
2017-12-27,0.007941314823161683
2017-12-28,-0.0057588359222949526
2017-12-29,-0.007595719412196444
2018-01-02,0.028479637884422565
2018-01-03,0.017488479661055656
2018-01-04,0.0045965684104321836
2018-01-05,0.024293080571027414
2018-01-08,0.004019789554910835
2018-01-09,0.010051012301461076
2018-01-10,0.001231705857227594
2018-01-11,0.017996000830515835
2018-01-12,-0.0030274560093186964
2018-01-16,-0.01050761606795056
2018-01-17,0.016463272715990573
2018-01-18,0.0026785174011997037
2018-01-19,0.013372044296210889
2018-01-22,0.019006033092519137
2018-01-23,-0.0033778687698800547
2018-01-24,-0.0037305619831045356
2018-01-25,0.005329192476854566
2018-01-26,0.024778749951053836
2018-01-29,0.005591455757545549
2018-01-30,-0.012750762610068522
2018-01-31,-0.0065253509254476205
2018-02-01,-0.03190324049742854
2018-02-02,-0.01881779002197856
2018-02-05,-0.04243398588014377
2018-02-06,0.01072902488163674
2018-02-07,0.01081988006757309
2018-02-08,-0.03948752007402198
2018-02-09,-0.004277369019954902
2018-02-12,0.005060604523751039
2018-02-13,0.022273308111374568
2018-02-14,0.0011949177438910774
2018-02-15,0.021522265417941333
2018-02-16,-0.004276682149653072
2018-02-20,-0.02403800070069606
2018-02-21,-0.012294594032528638
2018-02-22,0.004860278142296309
2018-02-23,0.006116015357014587
2018-02-26,0.018579584417104777
2018-02-27,-0.01760933773534637
2018-02-28,-0.011461073723434995
2018-03-01,-0.0017739916822344937
2018-03-02,0.0004349196123327459
2018-03-05,0.025907965899115037
2018-03-06,0.007297091283255425
2018-03-07,0.002708142019136661
2018-03-08,0.007365755259918894
2018-03-09,0.009083109543226053
2018-03-12,-0.0007740213811782415
2018-03-13,-0.002739661199445409
2018-03-14,0.008425416593610568
2018-03-15,-0.0020979984184315015
2018-03-16,0.008404877771988173
2018-03-19,-0.01978274486686432
2018-03-20,0.013841197057780918
2018-03-21,-0.004223264705181168
2018-03-22,-0.021838502055680054
2018-03-23,-0.03646140742086185
2018-03-26,0.029467363391419532
2018-03-27,-0.024188623597201225
2018-03-28,-0.0094638873416516
2018-03-29,0.019826570138426758
2018-04-02,-0.0267534833646757
2018-04-03,0.00930638325602784
2018-04-04,0.009336615543362847
2018-04-05,0.0034126254456979255
2018-04-06,-0.02340843357048844
2018-04-09,-0.001477863110659644
2018-04-10,0.018424572133826922
2018-04-11,-0.003905124953914041
2018-04-12,0.014055470837493839
2018-04-13,-0.008916654959375492
2018-04-16,0.0028099875557258125
2018-04-17,0.017443316761297234
2018-04-18,0.014356400032788735
2018-04-19,-0.009582144936533588
2018-04-20,-0.003550999883948941
2018-04-23,-0.005580566362142159
2018-04-24,-0.026697353431727994
2018-04-25,-0.0021587628837835826
2018-04-26,0.02617356349484795
2018-04-27,0.004023197326405353
2018-04-30,-0.0044496960703895305
2018-05-01,0.00040358030255893684
2018-05-02,-0.02313458290418169
2018-05-03,-0.006824008479513227
2018-05-04,0.007507187054129477
2018-05-07,0.004157089802286934
2018-05-08,0.0109635694390115
2018-05-09,-0.0013132936068344647
2018-05-10,0.005277797430993769
2018-05-11,0.008675368804622496
2018-05-14,0.006263059225234124
2018-05-15,0.00029685181092095614
2018-05-16,0.01726204184480623
2018-05-17,-0.01181430501247513
2018-05-18,-0.002553114773040155
2018-05-21,0.010982413217790865
2018-05-22,-0.01410856943634517
2018-05-23,0.002105307978181259
2018-05-24,1.7571558797918607e-05
2018-05-25,-0.0010447249435998618
2018-05-29,0.001194295231853243
2018-05-30,0.017184651120284666
2018-05-31,-0.005520121569445535
2018-06-01,0.012112623340153006
2018-06-04,0.021246761309407974
2018-06-05,-0.0017060141113753036
2018-06-06,0.011757253293423503
2018-06-07,-0.009034567841870816
2018-06-08,0.003754555291173911
2018-06-11,-0.0019027565835168514
2018-06-12,0.009904282035029632
2018-06-13,-0.006331721163233911
2018-06-14,0.0038388420890918817
2018-06-15,-0.0020489637312386955
2018-06-18,0.0004130472129052487
2018-06-19,0.003561807526978794
2018-06-20,0.00546305559648097
2018-06-21,-0.00031438615574919115
2018-06-22,-0.00417466891667248
2018-06-25,-0.01726302058983678
2018-06-26,-0.003307511193963497
2018-06-27,-0.015630866740319493
2018-06-28,0.00926600794006155
2018-06-29,-0.003392424035550873
2018-07-02,0.0019967103641473916
2018-07-03,-0.00430209376031232
2018-07-05,0.016541482758254344
2018-07-06,0.016376119892516916
2018-07-09,0.015140582854924922
2018-07-10,-0.002569507908806362
2018-07-11,-0.004845378979000697
2018-07-12,0.015424342613353043
2018-07-13,0.0025624955321031373
2018-07-16,0.00322087681464997
2018-07-17,0.007476806098443894
2018-07-18,0.001707817178014659
2018-07-19,0.007726786859502288
2018-07-20,0.0006212896101175092
2018-07-23,0.004464484916024886
2018-07-24,-0.006606334303860234
2018-07-25,0.03259786848656898
2018-07-26,-0.006096456448856952
2018-07-27,-0.012474662516684304
2018-07-30,-0.014501547386082725
2018-07-31,0.004720280209679267
2018-08-01,0.004891955488504907
2018-08-02,0.020664652020495666
2018-08-03,-0.010271149085467418
2018-08-06,0.010183328451083273
2018-08-07,0.0031810868151638805
2018-08-08,-0.0033553273382576077
2018-08-09,-0.003696209636200015
2018-08-10,0.00017632070815348788
2018-08-13,0.003877643915543544
2018-08-14,0.01454471157225723
2018-08-15,-0.016576315054171648
2018-08-16,0.029844170809647075
2018-08-17,-0.008927404943109868
2018-08-20,-0.00044320256434263183
2018-08-21,0.007594366874028979
2018-08-22,0.0024772890891905652
2018-08-23,-0.0010102709987710734
2018-08-24,0.005799964886769399
2018-08-27,0.005583760399416715
2018-08-28,0.01033999219756257
2018-08-29,0.017810459126367945
2018-08-30,0.008171417457379593
2018-08-31,0.00010843435612495345
2018-09-04,0.0042738987303172216
2018-09-05,-0.0063415757492482905
2018-09-06,-0.004058045066514637
2018-09-07,-0.0012682460326135792
2018-09-10,0.004927755693862196
2018-09-11,0.0038928984648216036
2018-09-12,-0.00022842340229006775
2018-09-13,-0.009614679397696585
2018-09-14,-0.0007852245172379757
2018-09-17,-0.015036509484694344
2018-09-18,0.006133464396654104
2018-09-19,-0.008827496112002675
2018-09-20,0.01143399271946921
2018-09-21,-0.002155440662790886
2018-09-24,-0.002469202329338477
2018-09-25,0.023162778245926663
2018-09-26,-2.958893583268618e-05
2018-09-27,0.010664594589007426
2018-09-28,0.00419487350929601
2018-10-01,0.0008849793140151274
2018-10-02,0.004676142615587631
2018-10-03,-0.002324006351926422
2018-10-04,-0.014715683927192719
2018-10-05,-0.004587788367975659
2018-10-08,-0.01387867595027839
2018-10-09,0.0052776550726308935
2018-10-10,-0.037139217802382885
2018-10-11,-0.04579860178736059
2018-10-12,0.02814993521906478
2018-10-15,-0.0057571217866107804
2018-10-16,0.03789606959149816
2018-10-17,-0.0013034612556231673
2018-10-18,-0.02264950553139894
2018-10-19,0.0003808418332495733
2018-10-22,0.0005459369463921837
2018-10-23,-0.008827080860619452
2018-10-24,-0.043406120889847494
2018-10-25,0.021101317650225326
2018-10-26,-0.010406724055808503
2018-10-29,-0.007594286130352956
2018-10-30,0.02069561371335704
2018-10-31,-0.0028043680852962993
2018-11-01,0.02205581385912525
2018-11-02,-0.001438968931292639
2018-11-05,-0.0025064420108838192
2018-11-06,0.015735459009058705
2018-11-07,0.03306842224012774
2018-11-08,-0.022449271174242252
2018-11-09,-0.011788955608391022
2018-11-12,-0.022249690988979304
2018-11-13,0.010417510297200616
2018-11-14,-0.011598213259431972
2018-11-15,0.008112912995080351
2018-11-16,-0.017763365748195925
2018-11-19,-0.030889710299216944
2018-11-20,-0.01919594828999957
2018-11-21,0.0007898832005165668
2018-11-23,0.005116667502433864
2018-11-26,0.01794423464228534
2018-11-27,0.001138870048396634
2018-11-28,0.03264363083320737
2018-11-29,0.0007678283623728521
2018-11-30,0.013262776969251766
2018-12-03,0.006572661969336396
2018-12-04,-0.0598257269425298
2018-12-06,0.011141806550118344
2018-12-07,-0.03641419676960489
2018-12-10,0.008101375197452326
2018-12-11,-0.0076622772061371025
2018-12-12,0.0014262289647718474
2018-12-13,-0.007309139153603844
2018-12-14,-0.017872078015100795
2018-12-17,-0.02335264914025864
2018-12-18,0.006381169750205584
2018-12-19,-0.015242569900454861
2018-12-20,-0.02290193417666808
2018-12-21,-0.02329349547599799
2018-12-24,-0.030237400170597256
2018-12-26,0.06580108316523348
2018-12-27,0.00893420957450966
2018-12-28,-0.007179009855056984
2018-12-31,0.00904897661202031
2019-01-02,0.008194230018682136
2019-01-03,-0.022142542195169423
2019-01-04,0.049234485698205266
2019-01-07,0.014148923658816842
2019-01-08,0.009938553334171624
2019-01-09,0.01104788121302916
2019-01-10,0.003724592424248163
2019-01-11,-0.001910876410521123
2019-01-14,-0.003870594005142558
2019-01-15,0.007151494298693856
2019-01-16,-0.004639051287880752
2019-01-17,0.022574142369953143
2019-01-18,0.02190725594342563
2019-01-22,-0.015425539772951857
2019-01-23,0.002355024300699976
2019-01-24,0.012173651596147611
2019-01-25,0.01668164030044067
2019-01-28,-0.010133535669811705
2019-01-29,-0.01742446344254278
2019-01-30,0.006483210117134153
2019-01-31,0.013132785642861688
2019-02-01,-0.005286969896677485
2019-02-04,0.00693302247738159
2019-02-05,-0.001888734454103591
2019-02-06,0.008099611784048166
2019-02-07,-0.006994866068744693
2019-02-08,0.0034553285200764894
2019-02-11,0.006920513121380978
2019-02-12,0.002035915092967494
2019-02-13,0.00774716877291326
2019-02-14,0.0027742827185217867
2019-02-15,0.006146935799427183
2019-02-19,0.005535212038142168
2019-02-20,-0.006359764322394212
2019-02-21,-0.010078601199054571
2019-02-22,0.003537501960490602
2019-02-25,0.0020199975472489917
2019-02-26,0.0017114349392681472
2019-02-27,0.004237825242234511
2019-02-28,0.004104678304547582
2019-03-01,-0.0061243149966667965
2019-03-04,-0.014943982117089472
2019-03-05,0.0005676460805807415
2019-03-06,-0.011415901938325118
2019-03-07,-0.011607891983903884
2019-03-08,0.0037149789890374985
2019-03-11,0.015504161944896344
2019-03-12,0.006142521593998862
2019-03-13,0.01298480974878774
2019-03-14,-0.007159235863210517
2019-03-15,-0.0016745664091937507
2019-03-18,-0.0011345627258322333
2019-03-19,0.006766411329357763
2019-03-20,-0.016977136298154533
2019-03-21,0.017520288688525842
2019-03-22,-0.02292658441098072
2019-03-25,-0.0030472225114544504
2019-03-26,0.0035977859180326976
2019-03-27,-0.00701143694119305
2019-03-28,0.007359776283152875
2019-03-29,0.011696644081295282
2019-04-01,0.014779085563505046
2019-04-02,-0.0048799554985616
2019-04-03,0.008498281371940253
2019-04-04,-0.00599817179090148
2019-04-05,0.006953499639015204
2019-04-08,-0.0004675581019590591
2019-04-09,-0.009805269019120294
2019-04-10,0.00810613688063394
2019-04-11,0.0024176055130987195
2019-04-12,-0.0005900795735729603
2019-04-15,-0.002030611295504414
2019-04-16,-0.004544856371451328
2019-04-17,-0.00571482463609746
2019-04-18,-0.008820351989393155
2019-04-22,-0.0009097754997092755
2019-04-23,0.005945351865750376
2019-04-24,0.0004032528499886556
2019-04-25,-0.012715866088464506
2019-04-26,-0.007460455158846552
2019-04-29,0.0054197935824771
2019-04-30,0.007247467106877681
2019-05-01,-0.005270536837213513
2019-05-02,-0.01670145108097354
2019-05-03,0.014884511501787656
2019-05-06,0.0041682753562500285
2019-05-07,-0.01977102490720406
2019-05-08,-0.008573169448287649
2019-05-09,-0.0075643602271343036
2019-05-10,0.0020313210719679065
2019-05-13,-0.027111555964159623
2019-05-14,0.012470207825542035
2019-05-15,0.00865127667531801
2019-05-16,0.009334821204769889
2019-05-17,-0.0077233076477131735
2019-05-20,-0.005982679444047706
2019-05-21,0.009719074818105411
2019-05-22,-8.63039343452221e-05
2019-05-23,-0.011990383592253406
2019-05-24,0.0036826580757377825
2019-05-28,-0.011679858831755763
2019-05-29,-0.011054246644412763
2019-05-30,0.004377901306752252
2019-05-31,-0.02027960326876349
2019-06-03,0.004711971369943085
2019-06-04,0.024981105101547885
2019-06-05,0.012481808375002845
2019-06-06,0.0015971655589823996
2019-06-07,0.0194262338105326
2019-06-10,0.018095789248394223
2019-06-11,2.611870080088119e-05
2019-06-12,0.006582367846751647
2019-06-13,0.010532228191939857
2019-06-14,-0.004408393604224459
2019-06-17,0.004617988346746815
2019-06-18,0.005719450517805924
2019-06-19,0.001631563536172359
2019-06-20,0.013316732483990623
2019-06-21,-0.0033920656565067653
2019-06-24,-0.008242180958048378
2019-06-25,-0.01873402385417658
2019-06-26,-0.00023967566232938053
2019-06-27,0.010443227654357262
2019-06-28,0.010917976680026642
2019-07-01,0.002876393811691802
2019-07-02,0.006212057567663687
2019-07-03,0.006115264299634993
2019-07-05,-0.00418087231823186
2019-07-08,-0.006359393830668136
2019-07-09,0.016311957878242994
2019-07-10,0.00019581683424232943
2019-07-11,0.0049936663748705035
2019-07-12,0.016936365455904767
2019-07-15,0.007040644224457493
2019-07-16,-0.009860961856852257
2019-07-17,-0.007555789396224116
2019-07-18,0.003326441362628607
2019-07-19,-0.01648294748032228
2019-07-22,-0.0009852035843969376
2019-07-23,0.008008755630708714
2019-07-24,0.027403332019757032
2019-07-25,0.00645224323948565
2019-07-26,0.014562330807551926
2019-07-29,-0.006824082650187524
2019-07-30,-0.0002051935491202972
2019-07-31,-0.010556277134302766
2019-08-01,-0.005894029961612562
2019-08-02,-0.036601895633044695
2019-08-05,-0.03637565982568569
2019-08-06,0.0052347171233924905
2019-08-07,0.004215972840911075
2019-08-08,0.013938406441986795
2019-08-09,-0.009818186140167745
2019-08-12,-0.022140808250568245
2019-08-13,0.011550971048051972
2019-08-14,-0.017021569476835502
2019-08-15,0.015808472772610244
2019-08-16,0.008320122122006002
2019-08-19,0.013697209716398706
2019-08-20,-0.009093431186139284
2019-08-21,0.008625428808109847
2019-08-22,-0.004215831649338586
2019-08-23,-0.02882734986926208
2019-08-26,0.01562333825439105
2019-08-27,-0.0024926686221903305
2019-08-28,0.008408751926596236
2019-08-29,0.010608064612548374
2019-08-30,-0.003794940845782274
2019-09-03,-0.007083678895388246
2019-09-04,0.008683957212863358
2019-09-05,0.013288876607362443
2019-09-06,-0.004928191403998722
2019-09-09,0.01046264315818457
2019-09-10,4.007443219988804e-06
2019-09-11,-0.000992522269899515
2019-09-12,-0.01092132038268806
2019-09-13,0.004080645853560716
2019-09-16,-0.0024515519802864594
2019-09-17,0.00424354150565287
2019-09-18,-0.0024338197750312374
2019-09-19,-0.00617191111112797
2019-09-20,-0.00021551100436642545
2019-09-23,-0.00935737642262885
2019-09-24,-0.001758759427155171
2019-09-25,0.005391009404138808
2019-09-26,0.00466126388906854
2019-09-27,-0.0004130826406991972
2019-09-30,0.009159998010709436
2019-10-01,-0.012037593717355438
2019-10-02,-0.017515017063665567
2019-10-03,0.012513103400643932
2019-10-04,0.011149255485174259
2019-10-07,-0.0069699464036837855
2019-10-08,-0.01534347545377071
2019-10-09,0.012368023465596067
2019-10-10,0.008946811972918328
2019-10-11,0.003831636376641384
2019-10-14,0.0006617256133608085
2019-10-15,0.015079522472899787
2019-10-16,-0.0028657587809461926
2019-10-17,0.003901101750843128
2019-10-18,-0.016515333474368205
2019-10-21,0.007801967180941727
2019-10-22,-0.012431604990878059
2019-10-23,-0.0017907100922389396
2019-10-24,0.009216886525526963
2019-10-25,-0.001788644130758743
2019-10-28,0.0027840236924673856
2019-10-29,-0.00557229138386911
2019-10-30,-0.00022031167764691162
2019-10-31,-0.006154779543955408
2019-11-01,0.018677727683696577
2019-11-04,0.008484120995774003
2019-11-05,-0.005169501714337499
2019-11-06,0.00372230666375728
2019-11-07,0.011654489094655135
2019-11-08,-0.0020600463587675255
2019-11-11,-0.000635625689224234
2019-11-12,-0.010151536798162525
2019-11-13,-4.586956843416479e-05
2019-11-14,0.009382309021725738
2019-11-15,0.007329776933613891
2019-11-18,0.0019843972836428025
2019-11-19,-0.0001327237040941731
2019-11-20,-0.0022061353500914815
2019-11-21,0.006809030790231874
2019-11-22,-0.0020251668948251256
2019-11-25,0.010485166552821584
2019-11-26,0.005188553065942292
2019-11-27,-0.0016651483231261421
2019-11-29,-0.0010527129590218454
2019-12-02,-0.015020109248673863
2019-12-03,-0.0035974332581932555
2019-12-04,0.004391214394976556
2019-12-05,-0.008628783423993702
2019-12-06,0.015325945916379424
2019-12-09,-0.003521448092501267
2019-12-10,-0.0036022164790751043
2019-12-11,-0.0017174215990872488
2019-12-12,0.0018041241338312974
2019-12-13,-0.006223052417321601
2019-12-16,0.009578139396294594
2019-12-17,0.0006101984101390678
2019-12-18,-0.011317796032512512
2019-12-19,-0.0019970344488178804
2019-12-20,0.00040140994787332684
2019-12-23,-0.0029742967995871894
2019-12-24,0.004231464978624283
2019-12-26,0.0005580587202292098
2019-12-27,-0.0026184870217768885
2019-12-30,-0.01735549687039728
2019-12-31,0.003425577037670352
2020-01-02,0.005670701797085009
2020-01-03,-0.006220873995353315
2020-01-06,-0.0011007053376229925
2020-01-07,0.0033061970790959627
2020-01-08,0.014825461936128215
2020-01-09,0.004533639004858536
2020-01-10,-0.007208729272193681
2020-01-13,0.0005202561809804218
2020-01-14,-0.00045105840780551576
2020-01-15,0.007112343447791297
2020-01-16,-0.0037087052681100685
2020-01-17,-0.003422392897963228
2020-01-21,-0.006425456387947448
2020-01-22,0.00541025826460978
2020-01-23,0.0028657874412019446
2020-01-24,-9.979672720777932e-05
2020-01-27,0.0019039138853572946
2020-01-28,0.017846456136144107
2020-01-29,0.0036351991211703294
2020-01-30,-0.01651705137820919
2020-01-31,-0.022725002722566612
2020-02-03,0.025525300204760848
2020-02-04,0.012859789648365372
2020-02-05,-0.004091633337423323
2020-02-06,0.0097497589893977
2020-02-07,-0.004122571534862007
2020-02-10,0.0018911015868922076
2020-02-11,-0.0006701515200394637
2020-02-12,-4.083982132782604e-05
2020-02-13,0.005254160451508866
2020-02-14,0.008174385131641038
2020-02-18,0.004473903127134055
2020-02-19,0.0065458737446003334
2020-02-20,-0.0005844837390643343
2020-02-21,-0.0027931409916518712
2020-02-24,-0.013915755849228578
2020-02-25,-0.03525030969743803
2020-02-26,0.013126830555697272
2020-02-27,-0.014684130849901
2020-02-28,-0.00414928123066477
2020-03-02,0.03907182757036706
2020-03-03,-0.019932722898742594
2020-03-04,0.028319093962740904
2020-03-05,-0.018082045627840243
2020-03-06,0.008391092630048447
2020-03-09,-0.06434209931587906
2020-03-10,0.023516096129757524
2020-03-11,-0.03734178464634941
2020-03-12,-0.08073046211899104
2020-03-13,0.0750420452508766
2020-03-16,-0.11304593343844607
2020-03-17,0.09856317049891344
2020-03-18,0.0005469741892087654
2020-03-19,-0.013538734293838894
2020-03-20,-0.04748989716585089
2020-03-23,0.006890700833800167
2020-03-24,0.05479435580668102
2020-03-25,0.004056921176476935
2020-03-26,0.047370974384603914
2020-03-27,-0.02162993447835143
2020-03-30,0.03196915410918816
2020-03-31,-0.03046268637132679
2020-04-01,-0.041073028619889845
2020-04-02,0.027652350261043818
2020-04-03,-0.014194978848355522
2020-04-06,0.06634435113838613
2020-04-07,-0.025715588884940077
2020-04-08,0.050028397027972404
2020-04-09,0.004241741463310772
2020-04-13,0.013406211891382497
2020-04-14,0.035734531494251875
2020-04-15,-0.018272127162834495
2020-04-16,0.0025480043707560296
2020-04-17,0.04167594752194215
2020-04-20,-0.016315364170758573
2020-04-21,-0.026049223994394105
2020-04-22,0.021481621716044702
2020-04-23,-0.008427500427250684
2020-04-24,0.010351868165354716
2020-04-27,0.010737410623785415
2020-04-28,-0.026433718111629007
2020-04-29,0.021056842876477716
2020-04-30,-0.007726869348657156
2020-05-01,-0.024738126206303418
2020-05-04,0.0012908708203753227
2020-05-05,0.01667437257620169
2020-05-06,-0.002262754396156391
2020-05-07,0.021259276451618264
2020-05-08,0.01194416354834879
2020-05-11,0.005957460795580988
2020-05-12,-0.010382841090491757
2020-05-13,-0.013397096962065036
2020-05-14,0.01752388750957601
2020-05-15,0.0067506854482217715
2020-05-18,0.001113915260266496
2020-05-19,-0.0039935815344125936
2020-05-20,0.017102726784763655
2020-05-21,-0.0035778096588071906
2020-05-22,-0.0033800976249860337
2020-05-26,-0.0027332999919098266
2020-05-27,0.010369666825869928
2020-05-28,-0.00019730723822644625
2020-05-29,0.013638162998745096
2020-06-01,-0.004799292300631447
2020-06-02,0.014356526952204712
2020-06-03,0.020348922510109224
2020-06-04,-0.0048406938086922036
2020-06-05,0.010982901369360115
2020-06-08,0.008104361590565906
2020-06-09,-0.003940750798091364
2020-06-10,0.0017967565532568675
2020-06-11,-0.04620228524284431
2020-06-12,0.0006860894255722727
2020-06-15,0.025938596774992884
2020-06-16,0.016245219733031502
2020-06-17,0.004606387789846678
2020-06-18,0.003338222277390751
2020-06-19,0.015226358053897188
2020-06-22,0.011912001224491375
2020-06-23,0.006646026866504506
2020-06-24,-0.010403701785982183
2020-06-25,0.009318911411226816
2020-06-26,-0.014333375306639362
2020-06-29,0.0050756140699324825
2020-06-30,0.016412175005028506
2020-07-01,0.030348425866410178
2020-07-02,-0.005594641269721479
2020-07-06,0.015160168238580407
2020-07-07,0.027801088497288906
2020-07-08,0.007876921824269328
2020-07-09,-0.003793757346001486
2020-07-10,0.009886584903500667
2020-07-13,-0.02223821587862304
2020-07-14,0.015376435109966224
2020-07-15,0.00862232324334783
2020-07-16,-0.0031454536276423195
2020-07-17,0.0011091770402624768
2020-07-20,0.016766177100802304
2020-07-21,-0.003795571284919197
2020-07-22,0.002537051664946971
2020-07-23,-0.017501389037200277
2020-07-24,-0.009759017113549928
2020-07-27,0.017553845272939766
2020-07-28,-0.008993667592442828
2020-07-29,0.014215259791989565
2020-07-30,0.033648672443510635
2020-07-31,-0.007369790459614112
2020-08-03,0.01623159170017066
2020-08-04,0.00979287013096719
2020-08-05,0.008274840938573558
2020-08-06,0.011806700083981242
2020-08-07,0.011796955227989181
2020-08-10,-0.008449358012078745
2020-08-11,-0.01249525646284666
2020-08-12,0.010465972623594888
2020-08-13,0.007402814431854532
2020-08-14,0.002723662347346223
2020-08-17,0.02587038186957774
2020-08-18,-0.004810668935848417
2020-08-19,-0.01699383327776463
2020-08-20,0.005753481433101226
